id,category
100,hangers
101,kitchen_cabinet
102,fridges
104,desk
105,desk
106,office_chairs
107,desk
108,desk
109,coffee_table
110,tvs
111,tvs
112,tvs
113,tvs
114,tvs
115,tv_bench
116,tv_bench
117,tv_bench
118,hangers
119,coffee_table
120,computer
121,closets_wardrobes_cabinets
122,door
123,hangers
124,wall_lamp
125,kitchen_cabinet
126,windows
127,wall_lamp
128,stand
129,dresser
130,plants
131,kitchen_appliance
132,wash_basins
133,door
134,table_and_chair
135,shower
136,idk
137,kitchen_cabinet
138,kitchen_cabinet
139,shower
140,dresser
141,dressing_table
142,chair
143,music-piano
144,mirror
145,shoes_cabinet
146,stand
147,stand
148,toys
149,kitchenware
150,toilet
151,stair
152,stair
153,rug
154,kitchenware
155,sofa
156,sofa
157,sofa
166,armchair
167,sofa
168,sofa
169,sofa
170,sofa
171,coffee_table
172,coffee_table
173,coffee_table
174,coffee_table
175,wall_lamp
176,wall_lamp
178,wall_lamp
179,wall_lamp
180,wall_lamp
181,wash_basins
182,closets_wardrobes_cabinets
183,wash_basins
184,closets_wardrobes_cabinets
185,recreation-pool_table
186,wash_basins
187,closets_wardrobes_cabinets
188,shelves
189,computer
190,baby_bed
191,bookshelf
192,shelves
193,shelves
194,closets_wardrobes_cabinets
195,stand
196,armchair
197,stand
198,tv_bench
199,dressing_table
200,dressing_table
201,dressing_table
202,dressing_table
203,dressing_table
204,double_bed
205,double_bed
206,kitchen_appliance
207,shelves
208,hangers
209,windows
210,windows
211,windows
212,windows
213,windows
214,door
215,tvs
216,tvs
217,hangers
218,music
219,kitchen_appliance
220,kitchen_appliance
221,kitchen_appliance
222,kitchen_appliance
223,household_appliance-vacuuming
224,household_appliance-ironing
225,ac
226,household_appliance
227,ac
228,tvs
229,bathroom_stuff
230,heater
232,kitchen_cabinet
233,stand
235,rug
236,paintings
237,plants
238,rug
239,mirror
240,floor_lamps
241,kitchen_appliance
242,fireplaces
243,kitchenware
244,kitchenware
245,kitchenware
246,door
247,door
248,shelves
249,chair
250,hanging_kitchen_cabinet
251,hanging_kitchen_cabinet
252,dinning_table
253,stair
254,stair
255,chair
256,table_lamp
257,paintings
258,vases
259,sofa
260,sofa
261,sofa
262,sofa
263,household_appliance-ironing
264,kitchen_appliance
265,kitchenware
266,closets_wardrobes_cabinets
267,closets_wardrobes_cabinets
268,shelves
269,closets_wardrobes_cabinets
270,bunker_bed
271,closets_wardrobes_cabinets
272,closets_wardrobes_cabinets
273,desk
274,closets_wardrobes_cabinets
275,curtain
276,curtain
277,chair
278,music
279,switch
280,switch
281,kitchen_cabinet
282,kitchen_cabinet
283,kitchen_cabinet
284,kitchen_cabinet
285,kitchen_cabinet
286,hanging_kitchen_cabinet
287,hanging_kitchen_cabinet
288,kitchen_cabinet
289,kitchen_cabinet
290,kitchen_cabinet
291,kitchen_cabinet
292,shoes_cabinet
293,shelves
294,desk
295,kitchen_cabinet
311,stand
312,stand
313,clock
314,mirror
315,stand
316,trash_can
317,trash_can
318,stand
319,toys
320,toys
321,sofa
322,toys
323,people
324,people
325,people
326,door
327,door
328,partitions
329,partitions
330,partitions
331,door
333,people
334,fireplaces
335,office_chairs
336,chair
337,gym
338,gym
339,gym
340,toys
341,toys
342,toys
343,kitchen_appliance
344,kitchenware
345,toys
346,people
347,armchair
348,armchair
349,armchair
350,sofa
351,armchair
352,armchair
353,toys
354,idk
355,sofa
356,toys
357,toys
358,toys
359,toys
360,toys
361,door
362,idk
363,car
364,car
365,column
366,column
367,column
368,fences_gate
369,fences_gate
370,fences_gate
371,fences_gate
372,fences_gate
373,fences_gate
374,fences_gate
375,fences_gate
376,fences_gate
377,outdoor_lamp
378,outdoor_lamp
379,fences_gate
380,sofa
381,outdoor_rest
382,sofa
383,closets_wardrobes_cabinets
384,closets_wardrobes_cabinets
385,closets_wardrobes_cabinets
386,closets_wardrobes_cabinets
387,closets_wardrobes_cabinets
388,closets_wardrobes_cabinets
389,closets_wardrobes_cabinets
390,shelves
391,closets_wardrobes_cabinets
392,tv_bench
393,shelves
394,outdoor_lamp
395,kitchenware
396,stand
397,dresser
398,dresser
399,closets_wardrobes_cabinets
40,dinning_table
403,double_bed
404,stand
405,kitchen_cabinet
406,hanging_kitchen_cabinet
407,kitchen_cabinet
408,kitchen_cabinet
409,chair
41,coffee_table
410,recreation-basketball_hoop
411,outdoor_rest
412,outdoor_rest
413,recreation
414,chair
415,armchair
416,closets_wardrobes_cabinets
417,desk
418,toilet
419,table_lamp
42,closets_wardrobes_cabinets
420,sofa
421,table_lamp
422,table_lamp
423,table_lamp
424,desk
425,armchair
426,armchair
427,armchair
428,desk
429,chair
43,household_appliance-dryer
430,desk
431,dresser
432,gym
433,outdoor_rest
434,gym
435,gym
436,gym
437,gym
438,gym
439,gym
44,household_appliance
440,shelves
441,chair
442,dinning_table
443,toilet
444,toilet
445,shoes_cabinet
446,chair
447,wash_basins
448,shelves
449,armchair
45,hanging_kitchen_cabinet
450,chair
451,tv_bench
452,dinning_table
453,toilet
454,tv_bench
455,desk
456,shelves
457,shelves
458,shelves
459,shelves
46,hanging_kitchen_cabinet
460,toys
461,toys
462,toys
463,plants
464,dresser
465,bathtub
466,bench_chair
467,chair
468,coffee_table
469,dresser
470,coffee_table
471,chair
472,coffee_table
473,chair
474,chair
475,bench_chair
476,bench_chair
477,desk
478,ottoman
479,shoes_cabinet
480,dresser
481,closets_wardrobes_cabinets
482,closets_wardrobes_cabinets
483,stand
484,workplace
485,desk
486,desk
487,desk
488,stand
489,stand
490,stand
491,armchair
492,shelves
493,shelves
494,desk
495,tv_bench
496,chair
497,partitions
498,partitions
499,bathroom_stuff
500,chair
501,chair
502,partitions
503,closets_wardrobes_cabinets
504,dinning_table
505,shelves
506,desk
507,armchair
508,shelves
509,dresser
510,heater
511,armchair
512,closets_wardrobes_cabinets
513,stand
514,desk
515,table_lamp
516,office_chairs
517,floor_lamps
518,whitebroad
519,fireplaces
520,floor_lamps
521,floor_lamps
522,music,piano
523,floor_lamps
524,floor_lamps
525,dinning_table
526,hangers
527,hangers
528,kitchen_appliance
529,vases
530,kitchenware
531,candel
532,office_chairs
533,desk
534,stand
535,armchair
536,kitchenware
537,kitchen_appliance
538,kitchenware
539,kitchenware
540,toys
541,ottoman
542,coffee_table
543,coffee_table
544,ottoman
545,ottoman
546,coffee_table
547,ottoman
548,ottoman
549,coffee_table
550,coffee_table
551,coffee_table
552,coffee_table
553,ottoman
554,ottoman
555,coffee_table
556,coffee_table
557,ottoman
558,ottoman
559,ottoman
560,ottoman
561,coffee_table
562,pool
563,coffee_table
564,coffee_table
565,coffee_table
566,coffee_table
567,coffee_table
568,coffee_table
569,coffee_table
57,sofa
570,tv_bench
577,tv_bench
579,coffee_table
580,coffee_table
586,coffee_table
587,coffee_table
589,coffee_table
590,tv_bench
591,coffee_table
592,coffee_table
593,kitchen_cabinet
594,kitchen_cabinet
595,kitchen_cabinet
596,kitchen_cabinet
597,kitchen_cabinet
598,kitchen_cabinet
599,kitchen_cabinet
60,bathtub
600,kitchen_cabinet
601,kitchen_cabinet
602,kitchen_cabinet
603,kitchen_cabinet
604,kitchen_cabinet
605,bench_chair
606,closets_wardrobes_cabinets
607,shelves
608,tv_bench
609,closets_wardrobes_cabinets
610,closets_wardrobes_cabinets
611,closets_wardrobes_cabinets
612,shelves
613,closets_wardrobes_cabinets
614,closets_wardrobes_cabinets
615,dresser
616,tv_bench
617,tv_bench
618,tv_bench
620,plants
621,curtain
622,curtain
623,plants
624,plants
625,curtain
626,chandelier
627,chandelier
628,chandelier
629,chandelier
63,sofa
630,chandelier
631,chandelier
632,chandelier
633,chandelier
634,plants
635,pool
636,chandelier
637,plants
638,closets_wardrobes_cabinets
639,closets_wardrobes_cabinets
64,sofa
640,trash_can
641,recreation
645,sofa
646,armchair
647,ottoman
648,bathroom_stuff
649,chandelier
650,fan
651,toys
652,kitchen_cabinet
653,kitchen_cabinet
654,dinning_table
655,dinning_table
656,dinning_table
657,kitchen_cabinet
658,kitchen_cabinet
659,hanging_kitchen_cabinet
660,hanging_kitchen_cabinet
661,kitchen_appliance
662,kitchen_cabinet
663,kitchen_cabinet
664,dinning_table
665,kitchen_cabinet
666,kitchen_cabinet
667,hanging_kitchen_cabinet
668,hanging_kitchen_cabinet
669,kitchen_cabinet
67,armchair
670,kitchen_cabinet
671,kitchen_cabinet
672,kitchen_cabinet
673,kitchen_cabinet
674,shelves
675,dinning_table
676,dinning_table
677,office_chairs
678,kitchenware
679,paintings
680,paintings
681,paintings
682,bench_chair
683,table_lamp
684,table_lamp
685,table_lamp
686,recreation
687,pets
688,pets
689,pets
69,armchair
690,sofa
691,outdoor_lamp
692,sofa
693,armchair
694,workplace
695,workplace
696,table_and_chair
697,table_and_chair
698,table_and_chair
699,table_and_chair
70,armchair
700,sofa
701,table_and_chair
702,pool
703,outdoor_rest
704,outdoor_rest
705,table_and_chair
706,outdoor_rest
707,outdoor_rest
708,outdoor_rest
709,chair
71,coffee_table
710,chair
711,chair
712,chair
713,coffee_table
714,coffee_table
715,coffee_table
716,coffee_table
717,plants
718,plants
719,plants
720,plants
721,plants
722,fences_gate
723,plants
724,plants
725,plants
726,plants
727,plants
728,plants
729,pool
73,door
730,pool
731,plants
732,plants
733,plants
734,plants
735,plants
736,plants
737,plants
738,plants
739,plants
74,wash_basins
740,plants
741,plants
742,plants
743,outdoor_rest
744,outdoor_rest
745,sofa
746,outdoor_rest
747,curtain
748,curtain
749,outdoor_rest
75,double_bed
750,curtain
751,curtain
752,windows
753,windows
754,windows
755,windows
756,door
757,door
758,door
759,door
760,door
761,door
762,door
763,door
764,door
765,door
766,door
767,windows
768,door
769,door
77,double_bed
770,door
771,windows
773,closets_wardrobes_cabinets
775,fences_gate
776,fences_gate
777,fences_gate
778,arch
779,arch
78,single_bed
780,arch
781,paintings
782,stair
783,stair
784,stair
785,stair
786,plants
79,wash_basins
797,idk
80,bathtub
81,bathtub
82,bathtub
83,toilet
85,household_appliance-washer
86,kitchen_cabinet
87,wash_basins
88,chair
89,chair
90,chair
91,chair
92,kitchen_cabinet
93,tv_bench
94,kitchen_cabinet
95,shelves
97,shelves
98,dresser
99,kitchen_cabinet
s__1000,stand
s__1001,closets_wardrobes_cabinets
s__1002,dresser
s__1003,coffee_table
s__1004,coffee_table
s__1005,coffee_table
s__1006,coffee_table
s__1007,coffee_table
s__1008,coffee_table
s__1009,coffee_table
s__1010,coffee_table
s__1011,coffee_table
s__1012,coffee_table
s__1013,coffee_table
s__1014,coffee_table
s__1015,coffee_table
s__1016,coffee_table
s__1017,chair
s__1018,coffee_table
s__1019,chair
s__1020,desk
s__1021,desk
s__1022,desk
s__1023,desk
s__1024,wall_lamp
s__1025,chandelier
s__1026,table_lamp
s__1027,chandelier
s__1028,wall_lamp
s__1029,kitchen_cabinet
s__1030,kitchen_cabinet
s__1031,kitchen_cabinet
s__1032,kitchen_cabinet
s__1033,kitchen_cabinet
s__1034,kitchen_cabinet
s__1035,kitchen_cabinet
s__1036,kitchen_cabinet
s__1037,coffee_table
s__1038,chair
s__1039,chair
s__1040,chair
s__1041,kitchen_set
s__1042,kitchen_set
s__1043,kitchen_set
s__1044,kitchen_set
s__1045,kitchen_set
s__1046,kitchen_set
s__1047,kitchen_set
s__1048,kitchen_set
s__1049,kitchen_set
s__1050,kitchen_set
s__1051,kitchen_cabinet
s__1052,kitchen_cabinet
s__1053,kitchen_cabinet
s__1054,kitchen_cabinet
s__1055,kitchen_cabinet
s__1056,kitchen_cabinet
s__1057,kitchen_cabinet
s__1058,kitchen_appliance
s__1059,chandelier
s__1060,kitchen_appliance
s__1061,shelves
s__1062,chair
s__1063,hanging_kitchen_cabinet
s__1064,kitchen_cabinet
s__1065,kitchen_set
s__1066,kitchen_cabinet
s__1067,sofa
s__1068,stand
s__1069,chandelier
s__1070,chandelier
s__1071,chandelier
s__1072,wall_lamp
s__1073,dinning_table
s__1074,chair
s__1075,kitchen_cabinet
s__1076,hanging_kitchen_cabinet
s__1077,kitchen_cabinet
s__1078,kitchen_cabinet
s__1079,dinning_table
s__1080,chair
s__1081,chandelier
s__1082,chandelier
s__1083,chair
s__1084,hanging_kitchen_cabinet
s__1085,hanging_kitchen_cabinet
s__1086,hanging_kitchen_cabinet
s__1087,chandelier
s__1088,kitchen_cabinet
s__1089,sofa
s__1090,rug
s__1091,candel
s__1092,ottoman
s__1093,armchair
s__1094,ottoman
s__1095,shelves
s__1096,dinning_table
s__1097,sofa
s__1098,dinning_table
s__1099,coffee_table
s__1100,coffee_table
s__1101,chair
s__1102,floor_lamps
s__1103,wall_lamp
s__1104,coffee_table
s__1105,closets_wardrobes_cabinets
s__1106,coffee_table
s__1107,coffee_table
s__1108,wall_lamp
s__1109,table_lamp
s__1110,fireplaces
s__1111,dresser
s__1112,sofa
s__1113,armchair
s__1114,chandelier
s__1115,table_lamp
s__1116,floor_lamps
s__1117,chair
s__1118,coffee_table
s__1119,dinning_table
s__1120,dinning_table
s__1121,chair
s__1122,coffee_table
s__1123,chair
s__1124,chair
s__1125,armchair
s__1126,sofa
s__1127,sofa
s__1128,candel
s__1129,fan
s__1130,coffee_table
s__1131,bathtub
s__1132,wash_basins
s__1133,chair
s__1134,shelves
s__1135,coffee_table
s__1136,toilet
s__1137,toys
s__1138,toilet
s__1139,wall_lamp
s__1140,wall_lamp
s__1141,kitchen_appliance
s__1142,kitchen_cabinet
s__1143,kitchen_cabinet
s__1144,kitchen_cabinet
s__1145,kitchen_cabinet
s__1146,kitchen_cabinet
s__1147,kitchen_cabinet
s__1148,kitchen_cabinet
s__1149,chair
s__1150,hanging_kitchen_cabinet
s__1151,hanging_kitchen_cabinet
s__1152,chandelier
s__1153,chandelier
s__1154,chandelier
s__1155,wall_lamp
s__1156,kitchen_cabinet
s__1157,kitchen_cabinet
s__1158,dresser
s__1159,coffee_table
s__1160,wall_lamp
s__1161,dinning_table
s__1162,dresser
s__1163,chair
s__1164,chair
s__1165,mirror
s__1166,armchair
s__1167,coffee_table
s__1168,mirror
s__1169,coffee_table
s__1170,dinning_table
s__1171,sofa
s__1172,armchair
s__1173,chair
s__1174,floor_lamps
s__1175,chair
s__1176,armchair
s__1177,sofa
s__1178,chandelier
s__1179,dinning_table
s__1180,coffee_table
s__1248,bathtub
s__1249,wash_basins
s__1250,toilet
s__1251,toilet
s__1252,closets_wardrobes_cabinets
s__1253,closets_wardrobes_cabinets
s__1254,chair
s__1255,chandelier
s__1256,wall_lamp
s__1257,wall_lamp
s__1268,wall_lamp
s__1269,mirror
s__1270,wash_basins
s__1271,wall_lamp
s__1272,mirror
s__1273,wash_basins
s__1274,wall_lamp
s__1275,mirror
s__1276,windows
s__1277,wash_basins
s__1278,wall_lamp
s__1279,wash_basins
s__1280,wall_lamp
s__1281,dresser
s__1282,wall_lamp
s__1283,wash_basins
s__1284,bathtub
s__1285,shower
s__1286,sofa
s__1287,coffee_table
s__1288,armchair
s__1289,ottoman
s__1290,sofa
s__1291,vases
s__1292,chandelier
s__1293,mirror
s__1294,dresser
s__1295,dinning_table
s__1296,floor_lamps
s__1297,table_lamp
s__1298,coffee_table
s__1299,closets_wardrobes_cabinets
s__1300,shelves
s__1301,vases
s__1302,double_bed
s__1303,armchair
s__1304,desk
s__1305,chair
s__1306,table_lamp
s__1307,stand
s__1308,ottoman
s__1309,fireplaces
s__1310,wall_lamp
s__1311,table_lamp
s__1312,mirror
s__1313,fireplaces
s__1314,chair
s__1315,stand
s__1316,coffee_table
s__1317,coffee_table
s__1318,table_lamp
s__1319,bathtub
s__1320,wash_basins
s__1321,bathroom_stuff
s__1322,shower
s__1323,wash_basins
s__1324,ottoman
s__1325,wall_lamp
s__1326,bathroom_stuff
s__1327,bathroom_stuff
s__1328,mirror
s__1329,wall_lamp
s__1330,sofa
s__1331,ottoman
s__1332,coffee_table
s__1333,chandelier
s__1334,chair
s__1335,plants
s__1336,tv_bench
s__1337,armchair
s__1338,desk
s__1339,mirror
s__1340,armchair
s__1341,table_lamp
s__1342,table_lamp
s__1343,toys
s__1344,toys
s__1345,toys
s__1346,toys
s__1347,toys
s__1348,toys
s__1349,toys
s__1350,toys
s__1351,toys
s__1352,toys
s__1540,toys
s__1541,plants
s__1542,outdoor_lamp
s__1543,plants
s__1544,mirror
s__1545,recreation
s__1546,coffee_table
s__1547,chair
s__1548,kitchen_cabinet
s__1549,clock
s__1550,armchair
s__1551,coffee_table
s__1552,wash_basins
s__1553,bathtub
s__1554,trash_can
s__1555,shower
s__1556,mirror
s__1557,chandelier
s__1558,wall_lamp
s__1559,mirror
s__1560,toys
s__1561,ottoman
s__1562,double_bed
s__1563,pets
s__1631,pets
s__1632,pets
s__1633,pets
s__1634,pets
s__1635,pets
s__1636,pets
s__1637,pets
s__1638,pets
s__1639,outdoor_lamp
s__1640,pets
s__1641,clock
s__1642,clock
s__1643,outdoor_lamp
s__1644,toys
s__1645,household_appliance
s__1646,toys
s__1647,rug
s__1648,household_appliance
s__1649,household_appliance
s__1650,pillow
s__1651,pillow
s__1652,pillow
s__1653,pillow
s__1654,pillow
s__1655,toys
s__1656,toys
s__1657,toys
s__1658,toys
s__1659,toys
s__1660,toys
s__1661,toys
s__1662,toys
s__1663,toys
s__1664,dresser
s__1665,armchair
s__1666,armchair
s__1667,dinning_table
s__1668,armchair
s__1669,coffee_table
s__1670,fireplaces
s__1671,dresser
s__1672,sofa
s__1673,ottoman
s__1674,sofa
s__1675,floor_lamps
s__1676,chandelier
s__1677,table_lamp
s__1678,table_lamp
s__1679,chair
s__1680,toilet
s__1681,toilet
s__1682,toilet
s__1683,stand
s__1684,toilet
s__1685,wash_basins
s__1686,wash_basins
s__1687,mirror
s__1688,mirror
s__1689,wash_basins
s__1690,wash_basins
s__1691,wash_basins
s__1692,wash_basins
s__1693,bathtub
s__1694,bathtub
s__1695,bathtub
s__1696,bathtub
s__1697,bathtub
s__1698,table_lamp
s__1699,chandelier
s__1700,armchair
s__1701,chair
s__1702,dinning_table
s__1703,chandelier
s__1704,double_bed
s__1705,chair
s__1706,closets_wardrobes_cabinets
s__1707,chandelier
s__1708,chandelier
s__1709,floor_lamps
s__1710,chair
s__1711,chair
s__1712,chair
s__1713,dresser
s__1714,double_bed
s__1715,chair
s__1716,dinning_table
s__1717,chair
s__1718,dinning_table
s__1719,floor_lamps
s__1720,coffee_table
s__1721,table_lamp
s__1722,car
s__1723,car
s__1724,car
s__1725,car
s__1726,closets_wardrobes_cabinets
s__1728,stand
s__1732,dresser
s__1735,closets_wardrobes_cabinets
s__1736,stand
s__1737,closets_wardrobes_cabinets
s__1738,dresser
s__1742,recreation
s__1743,closets_wardrobes_cabinets
s__1745,closets_wardrobes_cabinets
s__1746,office_chairs
s__1747,office_chairs
s__1748,chair
s__1749,missing
s__1751,sofa
s__1752,car
s__1753,car
s__1760,sofa
s__1761,chair
s__1762,door
s__1763,door
s__1764,door
s__1765,door
s__1766,door
s__1767,door
s__1768,door
s__1769,door
s__1770,door
s__1771,door
s__1772,door
s__1773,door
s__1774,double_bed
s__1775,double_bed
s__1776,double_bed
s__1777,double_bed
s__1778,closets_wardrobes_cabinets
s__1779,people
s__1780,people
s__1781,people
s__1782,people
s__1783,people
s__1784,people
s__1785,people
s__1786,people
s__1787,people
s__1788,people
s__1789,stand
s__1790,closets_wardrobes_cabinets
s__1791,double_bed
s__1792,double_bed
s__1793,vases
s__1794,vases
s__1795,vases
s__1796,vases
s__1797,vases
s__1798,vases
s__1799,vases
s__1800,vases
s__1801,vases
s__1802,vases
s__1803,vases
s__1804,vases
s__1805,vases
s__1806,vases
s__1807,vases
s__1808,vases
s__1809,vases
s__1810,vases
s__1811,vases
s__1812,vases
s__1813,toys
s__1814,household_appliance
s__1815,household_appliance
s__1816,household_appliance
s__1817,tripole
s__1818,idk
s__1819,household_appliance
s__1820,household_appliance
s__1821,household_appliance
s__1822,household_appliance
s__1823,shoes
s__1824,kitchenware
s__1825,kitchenware
s__1826,kitchenware
s__1827,kitchenware
s__1828,kitchenware
s__1829,kitchenware
s__1830,kitchenware
s__1831,kitchenware
s__1832,kitchenware
s__1833,kitchenware
s__1834,kitchenware
s__1835,kitchenware
s__1836,kitchenware
s__1837,coffee_table
s__1838,table_lamp
s__1839,chandelier
s__1840,table_lamp
s__1841,chandelier
s__1842,double_bed
s__1843,double_bed
s__1844,kitchenware
s__1845,figurines
s__1846,figurines
s__1847,figurines
s__1848,figurines
s__1849,kitchenware
s__1850,kitchenware
s__1851,kitchenware
s__1852,figurines
s__1853,figurines
s__1854,armchair
s__1855,figurines
s__1856,figurines
s__1857,figurines
s__1858,toys
s__1859,toys
s__1860,candel
s__1861,candel
s__1862,candel
s__1863,stand
s__1864,candel
s__1865,figurines
s__1866,figurines
s__1867,toys
s__1868,toys
s__1869,toys
s__1870,toys
s__1871,dinning_table
s__1872,coffee_table
s__1873,bench_chair
s__1874,dinning_table
s__1875,mirror
s__1876,armchair
s__1877,chair
s__1878,floor_lamps
s__1879,sofa
s__1880,table_lamp
s__1881,chandelier
s__1882,sofa
s__1883,chandelier
s__1884,dresser
s__1885,armchair
s__1886,chair
s__1887,ottoman
s__1888,coffee_table
s__1889,tv_bench
s__1890,hangers
s__1891,hangers
s__1892,coffee_table
s__1893,dinning_table
s__1894,coffee_table
s__1895,curtain
s__1896,curtain
s__1897,curtain
s__1898,curtain
s__1899,curtain
s__1900,curtain
s__1901,curtain
s__1902,curtain
s__1903,curtain
s__1904,car
s__1905,chair
s__1906,chair
s__1907,chair
s__1908,bench_chair
s__1909,chair
s__1910,fireplaces
s__1911,outdoor_spring
s__1912,chair
s__1913,outdoor_lamp
s__1914,chandelier
s__1915,bench_chair
s__1916,coffee_table
s__1917,outdoor_lamp
s__1918,chair
s__1919,coffee_table
s__1920,bench_chair
s__1921,chandelier
s__1922,partitions
s__1923,idk
s__1924,shelves
s__1925,stand
s__1926,bench_chair
s__1927,chair
s__1928,dinning_table
s__1929,dinning_table
s__1930,hangers
s__1931,chair
s__1932,chair
s__1933,candel
s__1934,kitchen_cabinet
s__1935,chandelier
s__1936,household_appliance
s__1937,mirror
s__1938,ottoman
s__1939,bathtub
s__1940,desk
s__1941,stand
s__1942,wash_basins
s__1943,wash_basins
s__1944,wall_lamp
s__1945,wall_lamp
s__1946,wash_basins
s__1947,shower
s__1948,idk
s__1949,cloth
s__1950,idk
s__1951,dresser
s__1952,coffee_table
s__1953,dresser
s__1954,recreation
s__1955,recreation
s__1956,household_appliance
s__1957,people
s__1958,people
s__1959,people
s__1960,people
s__1961,people
s__1962,people
s__1963,toys
s__1964,toys
s__1965,household_appliance
s__1966,kitchen_appliance
s__1967,kitchen_appliance
s__1968,kitchen_appliance
s__1969,kitchen_appliance
s__1970,kitchen_appliance
s__1971,kitchen_appliance
s__1972,kitchen_appliance
s__1973,kitchen_appliance
s__1974,fireplaces
s__1975,coffee_table
s__1976,double_bed
s__1977,chandelier
s__1978,mirror
s__1979,ottoman
s__1980,coffee_table
s__1981,coffee_table
s__1982,coffee_table
s__1983,table_lamp
s__1984,tv_bench
s__1985,armchair
s__1986,tv_bench
s__1987,dinning_table
s__1988,coffee_table
s__1989,coffee_table
s__1990,chair
s__1991,armchair
s__1992,coffee_table
s__1993,sofa
s__1994,candel
s__1995,chandelier
s__1996,single_bed
s__1997,stand
s__1998,ottoman
s__1999,ottoman
s__2000,ottoman
s__2001,single_bed
s__2002,double_bed
s__2003,chair
s__2004,chair
s__2005,desk
s__2006,ottoman
s__2007,mirror
s__2008,table_lamp
s__2009,table_lamp
s__2010,windows
s__2011,windows
s__2012,windows
s__2013,windows
s__2014,windows
s__2015,windows
s__2016,windows
s__2017,windows
s__2019,windows
s__2020,stand
s__2021,dresser
s__2022,closets_wardrobes_cabinets
s__2023,coffee_table
s__2024,wall_lamp
s__2025,mirror
s__2026,candel
s__2027,coffee_table
s__2028,table_lamp
s__2029,paintings
s__2030,chair
s__2031,music
s__2032,music
s__2033,music
s__2034,music
s__2035,music
s__2036,music
s__2037,music
s__2040,kitchen_cabinet
s__2041,curtain
s__2042,dresser
s__2043,closets_wardrobes_cabinets
s__2044,closets_wardrobes_cabinets
s__2045,dressing_table
s__2046,dinning_table
s__2047,stand
s__2048,double_bed
s__2049,chair
s__2050,hangers
s__2051,stand
s__2052,closets_wardrobes_cabinets
s__2053,dresser
s__2054,closets_wardrobes_cabinets
s__2055,double_bed
s__2056,closets_wardrobes_cabinets
s__2057,closets_wardrobes_cabinets
s__2058,dresser
s__2059,armchair
s__2060,sofa
s__2061,armchair
s__2062,armchair
s__2083,toys
s__2084,toys
s__2085,toys
s__2086,toys
s__2087,toys
s__2088,toys
s__2156,sofa
s__2157,sofa
s__2158,sofa
s__2159,sofa
s__2160,sofa
s__2161,sofa
s__2162,sofa
s__2163,sofa
s__2164,sofa
s__2165,sofa
s__2166,sofa
s__2167,armchair
s__2168,armchair
s__2169,armchair
s__2170,armchair
s__2171,sofa
s__2172,armchair
s__2173,sofa
s__2174,armchair
s__2175,armchair
s__2176,sofa
s__2177,armchair
s__2178,armchair
s__2179,armchair
s__2180,armchair
s__2181,ottoman
s__2182,ottoman
s__2183,armchair
s__2184,ottoman
s__2185,armchair
s__2186,ottoman
s__2187,chair
s__2188,chair
s__2189,chair
s__2190,armchair
s__2191,armchair
s__2192,chair
s__2193,chair
s__2194,armchair
s__2195,armchair
s__2196,armchair
s__2197,chair
s__2235,chair
s__2236,ottoman
s__2237,bench_chair
s__2254,toys
s__2255,chair
s__2256,chair
s__2257,chair
s__2258,bench_chair
s__2259,chair
s__2260,bench_chair
s__2261,chair
s__2262,chair
s__2263,chair
s__2264,chair
s__2265,chair
s__2266,chair
s__2267,chair
s__2268,sofa
s__2269,chair
s__2270,chair
s__2271,chair
s__2272,chair
s__2273,fireplaces
s__2274,fireplaces
s__2275,fireplaces
s__2276,fireplaces
s__2277,fireplaces
s__2278,fireplaces
s__2279,fireplaces
s__2280,fireplaces
s__2281,fireplaces
s__2282,fireplaces
s__2283,fireplaces
s__2284,fireplaces
s__2285,fireplaces
s__2286,fireplaces
s__2287,coffee_table
s__2288,coffee_table
s__2289,coffee_table
s__2290,bar
s__2291,bar
s__2292,coffee_table
s__2293,coffee_table
s__2294,coffee_table
s__2295,coffee_table
s__2296,coffee_table
s__2297,coffee_table
s__2298,coffee_table
s__2299,coffee_table
s__2300,coffee_table
s__2301,coffee_table
s__2302,shelves
s__2303,shelves
s__2304,stand
s__2305,shelves
s__2306,household_appliance
s__2307,bathroom_stuff
s__2308,bathroom_stuff
s__2309,bathroom_stuff
s__2310,bathroom_stuff
s__2311,bathroom_stuff
s__2312,bathroom_stuff
s__2313,bathroom_stuff
s__2314,household_appliance
s__2315,toys
s__2316,idk
s__2317,toys
s__2318,toys
s__2319,toys
s__2320,toys
s__2321,toys
s__2322,bench_chair
s__2323,bench_chair
s__2324,bench_chair
s__2325,bench_chair
s__2326,bench_chair
s__2327,bench_chair
s__2328,bench_chair
s__2329,bench_chair
s__2330,bench_chair
s__2331,bench_chair
s__2332,bench_chair
s__2333,bench_chair
s__2334,toys
s__2335,household_appliance
s__2336,household_appliance
s__2337,safe
s__2338,mailbox
s__2339,kitchen_cabinet
s__2340,chair
s__2341,chair
s__2342,partitions
s__2343,partitions
s__2344,dresser
s__2345,safe
s__2346,chair
s__2347,double_bed
s__2348,outdoor_spring
s__2349,outdoor_spring
s__2350,coffee_table
s__2357,clock
s__2358,fences_gate
s__2359,outdoor_rest
s__2360,bar
s__2361,bar
s__2362,fences_gate
s__2363,toys
s__2364,clock
s__2365,clock
s__2366,clock
s__2367,clock
s__2368,chandelier
s__2369,chandelier
s__2370,chandelier
s__2371,chandelier
s__2372,chandelier
s__2373,table_lamp
s__2374,floor_lamps
s__2375,bar
s__2376,bar
s__2377,bar
s__2378,bar
s__2379,bar
s__2380,bar
s__2381,bar
s__2382,bar
s__2383,bar
s__2384,bar
s__2385,bar
s__2386,bar
s__2387,bar
s__2388,shelves
s__2389,shelves
s__2390,shelves
s__2391,shelves
s__2392,shelves
s__2393,shelves
s__2394,shelves
s__2395,shelves
s__2396,shelves
s__2397,shelves
s__2398,shelves
s__2399,shelves
s__2400,shelves
s__2401,shelves
s__2402,shelves
s__2403,shelves
s__2404,closets_wardrobes_cabinets
s__2405,shelves
s__2406,shelves
s__2407,stand
s__2408,sofa
s__2409,sofa
s__2410,sofa
s__2411,sofa
s__2412,sofa
s__2413,armchair
s__2414,armchair
s__2415,armchair
s__2416,armchair
s__2417,ottoman
s__2418,ottoman
s__2419,ottoman
s__2420,ottoman
s__2421,ottoman
s__2422,ottoman
s__2423,ottoman
s__2424,armchair
s__2425,sofa
s__2426,armchair
s__2427,sofa
s__2428,stand
s__2429,armchair
s__2430,armchair
s__2431,armchair
s__2432,armchair
s__2433,armchair
s__2434,armchair
s__2435,armchair
s__2436,armchair
s__2437,armchair
s__2438,ottoman
s__2439,sofa
s__2440,sofa
s__2441,sofa
s__2442,armchair
s__2443,armchair
s__2444,gym
s__361,sofa
s__362,sofa
s__363,sofa
s__364,sofa
s__365,sofa
s__366,sofa
s__367,sofa
s__368,sofa
s__369,sofa
s__370,sofa
s__371,sofa
s__372,sofa
s__373,sofa
s__374,sofa
s__375,sofa
s__376,sofa
s__378,sofa
s__379,sofa
s__380,sofa
s__382,sofa
s__383,sofa
s__385,sofa
s__386,sofa
s__387,desk
s__388,desk
s__389,dresser
s__390,desk
s__391,closets_wardrobes_cabinets
s__392,desk
s__393,shelves
s__394,armchair
s__395,armchair
s__396,shelves
s__397,closets_wardrobes_cabinets
s__398,shelves
s__399,armchair
s__400,single_bed
s__401,single_bed
s__402,wash_basins
s__403,single_bed
s__404,single_bed
s__405,wash_basins
s__406,single_bed
s__407,baby_bed
s__408,baby_bed
s__409,wash_basins
s__410,wash_basins
s__411,shelves
s__412,shelves
s__413,shelves
s__414,shelves
s__415,shelves
s__416,double_bed
s__417,double_bed
s__418,double_bed
s__419,double_bed
s__420,single_bed
s__421,chair
s__422,bunker_bed
s__423,chair
s__424,chair
s__425,chair
s__426,chair
s__427,chair
s__428,bunker_bed
s__429,closets_wardrobes_cabinets
s__430,dresser
s__431,closets_wardrobes_cabinets
s__432,closets_wardrobes_cabinets
s__433,chandelier
s__434,coffee_table
s__435,dinning_table
s__436,chandelier
s__437,tv_bench
s__438,tv_bench
s__439,stand
s__440,stand
s__441,stand
s__442,stand
s__443,stand
s__444,closets_wardrobes_cabinets
s__445,shelves
s__446,tv_bench
s__447,tv_bench
s__448,tv_bench
s__449,shelves
s__450,closets_wardrobes_cabinets
s__451,chandelier
s__452,tv_bench
s__453,chair
s__454,dresser
s__455,dresser
s__456,kitchen_cabinet
s__457,kitchen_cabinet
s__458,sofa
s__459,tv_bench
s__460,sofa
s__461,sofa
s__462,dressing_table
s__463,shelves
s__464,shelves
s__465,tv_bench
s__466,shoes_cabinet
s__467,closets_wardrobes_cabinets
s__468,sofa
s__469,desk
s__470,desk
s__471,desk
s__472,closets_wardrobes_cabinets
s__473,shelves
s__474,chandelier
s__475,desk
s__476,desk
s__477,sofa
s__478,chandelier
s__479,chandelier
s__480,desk
s__481,coffee_table
s__482,desk
s__483,desk
s__484,desk
s__485,desk
s__486,chandelier
s__487,chandelier
s__488,chandelier
s__489,desk
s__490,shelves
s__491,closets_wardrobes_cabinets
s__492,closets_wardrobes_cabinets
s__493,shelves
s__494,closets_wardrobes_cabinets
s__495,closets_wardrobes_cabinets
s__496,closets_wardrobes_cabinets
s__497,shelves
s__498,shelves
s__499,stair
s__500,sofa
s__501,sofa
s__502,sofa
s__503,sofa
s__504,sofa
s__505,floor_lamps
s__506,floor_lamps
s__507,floor_lamps
s__508,floor_lamps
s__509,floor_lamps
s__510,shelves
s__511,stand
s__512,desk
s__513,sofa
s__514,sofa
s__515,sofa
s__516,tv_bench
s__517,closets_wardrobes_cabinets
s__518,sofa
s__519,closets_wardrobes_cabinets
s__520,shelves
s__521,closets_wardrobes_cabinets
s__522,dresser
s__523,dresser
s__524,closets_wardrobes_cabinets
s__525,dresser
s__526,dresser
s__527,sofa
s__528,sofa
s__529,sofa
s__530,sofa
s__531,dresser
s__532,dresser
s__533,mirror
s__536,wash_basins
s__537,closets_wardrobes_cabinets
s__538,idk
s__539,stand
s__540,chair
s__541,wash_basins
s__542,wash_basins
s__543,sofa
s__544,mirror
s__545,dinning_table
s__546,dinning_table
s__547,dinning_table
s__548,dinning_table
s__549,sofa
s__550,closets_wardrobes_cabinets
s__551,coffee_table
s__552,desk
s__553,tv_bench
s__554,coffee_table
s__555,coffee_table
s__556,shelves
s__557,wash_basins
s__558,wash_basins
s__559,closets_wardrobes_cabinets
s__560,wash_basins
s__561,coffee_table
s__562,closets_wardrobes_cabinets
s__563,dresser
s__564,closets_wardrobes_cabinets
s__565,closets_wardrobes_cabinets
s__566,closets_wardrobes_cabinets
s__567,closets_wardrobes_cabinets
s__568,shelves
s__569,tv_bench
s__570,closets_wardrobes_cabinets
s__571,closets_wardrobes_cabinets
s__572,closets_wardrobes_cabinets
s__573,closets_wardrobes_cabinets
s__574,office_chairs
s__575,chair
s__576,wash_basins
s__577,wash_basins
s__578,idk
s__579,vases
s__580,table_lamp
s__581,closets_wardrobes_cabinets
s__582,closets_wardrobes_cabinets
s__583,chair
s__584,shoes_cabinet
s__585,outdoor_rest
s__586,idk
s__587,sofa
s__588,sofa
s__589,bunker_bed
s__590,closets_wardrobes_cabinets
s__591,closets_wardrobes_cabinets
s__592,dresser
s__593,desk
s__594,stand
s__595,coffee_table
s__596,chair
s__597,coffee_table
s__598,sofa
s__599,coffee_table
s__600,chair
s__601,chair
s__602,sofa
s__603,sofa
s__604,coffee_table
s__605,outdoor_rest
s__606,outdoor_rest
s__607,outdoor_rest
s__608,outdoor_rest
s__609,outdoor_rest
s__610,outdoor_rest
s__611,armchair
s__612,stand
s__613,outdoor_rest
s__614,outdoor_rest
s__615,chair
s__616,shelves
s__617,closets_wardrobes_cabinets
s__618,closets_wardrobes_cabinets
s__619,single_bed
s__620,closets_wardrobes_cabinets
s__621,chair
s__622,chair
s__623,chair
s__624,chair
s__625,chair
s__626,chair
s__627,chair
s__628,chair
s__629,chair
s__630,chair
s__631,chair
s__632,chair
s__633,chair
s__634,outdoor_rest
s__635,table_and_chair
s__636,table_and_chair
s__637,table_and_chair
s__638,sofa
s__639,chair
s__640,chair
s__641,chair
s__642,sofa
s__643,sofa
s__644,sofa
s__645,sofa
s__646,sofa
s__647,sofa
s__648,sofa
s__649,sofa
s__650,sofa
s__651,sofa
s__652,sofa
s__653,sofa
s__654,sofa
s__655,sofa
s__656,sofa
s__657,sofa
s__658,sofa
s__659,shelves
s__660,sofa
s__661,sofa
s__662,stand
s__663,stand
s__664,stand
s__665,stand
s__666,stand
s__667,office_chairs
s__668,office_chairs
s__669,office_chairs
s__670,office_chairs
s__671,office_chairs
s__672,office_chairs
s__673,tv_bench
s__674,tv_bench
s__675,tv_bench
s__676,tv_bench
s__677,floor_lamps
s__678,floor_lamps
s__679,floor_lamps
s__680,tv_bench
s__681,stand
s__682,stand
s__683,dresser
s__684,stand
s__685,stand
s__686,stand
s__687,stand
s__688,dinning_table
s__689,dinning_table
s__690,dinning_table
s__691,dinning_table
s__692,dresser
s__693,tv_bench
s__694,tv_bench
s__695,tv_bench
s__696,dinning_table
s__697,dinning_table
s__698,dinning_table
s__699,coffee_table
s__700,tv_bench
s__701,tv_bench
s__702,tv_bench
s__703,tv_bench
s__704,tv_bench
s__705,tv_bench
s__706,tv_bench
s__707,tv_bench
s__708,floor_lamps
s__709,floor_lamps
s__710,floor_lamps
s__711,floor_lamps
s__712,floor_lamps
s__713,floor_lamps
s__714,desk
s__715,dinning_table
s__716,dinning_table
s__717,dinning_table
s__718,stand
s__719,desk
s__720,dinning_table
s__721,desk
s__722,desk
s__723,shoes_cabinet
s__724,chair
s__725,chair
s__726,chair
s__727,chair
s__728,hangers
s__729,hangers
s__730,hangers
s__731,hangers
s__732,hangers
s__733,hangers
s__734,desk
s__735,dinning_table
s__736,dinning_table
s__737,dinning_table
s__738,dinning_table
s__739,dinning_table
s__740,dinning_table
s__741,dinning_table
s__742,table_lamp
s__743,table_lamp
s__744,table_lamp
s__745,table_lamp
s__746,dresser
s__747,closets_wardrobes_cabinets
s__748,dresser
s__749,shoes_cabinet
s__750,shoes_cabinet
s__751,shoes_cabinet
s__752,shoes_cabinet
s__753,shoes_cabinet
s__754,shoes_cabinet
s__755,shoes_cabinet
s__756,closets_wardrobes_cabinets
s__757,closets_wardrobes_cabinets
s__758,closets_wardrobes_cabinets
s__759,wall_lamp
s__760,wall_lamp
s__761,wall_lamp
s__762,wall_lamp
s__763,wall_lamp
s__764,table_lamp
s__765,table_lamp
s__766,table_lamp
s__767,table_lamp
s__768,floor_lamps
s__769,chair
s__770,chair
s__771,chair
s__772,chair
s__773,chair
s__774,chair
s__775,closets_wardrobes_cabinets
s__776,closets_wardrobes_cabinets
s__777,closets_wardrobes_cabinets
s__778,closets_wardrobes_cabinets
s__779,dresser
s__780,shelves
s__781,tv_bench
s__782,shelves
s__783,shelves
s__784,shelves
s__785,dresser
s__786,stand
s__787,dresser
s__788,dresser
s__789,tv_bench
s__790,shelves
s__791,shelves
s__792,shelves
s__793,shelves
s__794,shelves
s__795,shelves
s__796,shelves
s__797,table_lamp
s__798,table_lamp
s__799,table_lamp
s__800,table_lamp
s__801,table_lamp
s__802,chair
s__803,chair
s__804,chair
s__805,chair
s__806,desk
s__807,chair
s__808,chair
s__809,chair
s__810,dresser
s__811,chair
s__812,chair
s__813,chair
s__814,chair
s__815,sofa
s__816,sofa
s__817,sofa
s__818,chair
s__819,chair
s__820,chair
s__821,chair
s__822,chair
s__823,chair
s__824,chair
s__825,chair
s__826,chair
s__827,chair
s__828,wash_basins
s__829,wash_basins
s__830,wash_basins
s__831,ottoman
s__832,ottoman
s__833,ottoman
s__834,ottoman
s__835,ottoman
s__836,ottoman
s__837,ottoman
s__838,ottoman
s__839,ottoman
s__840,ottoman
s__841,ottoman
s__842,ottoman
s__843,ottoman
s__844,ottoman
s__845,ottoman
s__846,closets_wardrobes_cabinets
s__847,closets_wardrobes_cabinets
s__848,closets_wardrobes_cabinets
s__849,closets_wardrobes_cabinets
s__850,closets_wardrobes_cabinets
s__851,closets_wardrobes_cabinets
s__852,stand
s__853,closets_wardrobes_cabinets
s__854,stand
s__855,closets_wardrobes_cabinets
s__856,closets_wardrobes_cabinets
s__857,closets_wardrobes_cabinets
s__858,stand
s__859,closets_wardrobes_cabinets
s__860,closets_wardrobes_cabinets
s__861,closets_wardrobes_cabinets
s__862,closets_wardrobes_cabinets
s__863,stand
s__864,stand
s__865,closets_wardrobes_cabinets
s__866,stand
s__867,stand
s__868,kitchen_appliance
s__869,kitchen_appliance
s__870,kitchen_appliance
s__871,kitchen_appliance
s__872,kitchen_appliance
s__873,kitchen_appliance
s__874,kitchen_appliance
s__875,hanging_kitchen_cabinet
s__876,shelves
s__877,shelves
s__878,coffee_table
s__879,kitchen_appliance
s__880,kitchen_appliance
s__881,double_bed
s__882,double_bed
s__883,double_bed
s__884,double_bed
s__885,single_bed
s__886,single_bed
s__887,baby_bed
s__888,baby_bed
s__889,baby_bed
s__890,baby_bed
s__891,baby_bed
s__892,baby_bed
s__893,double_bed
s__894,double_bed
s__895,tv_bench
s__896,tv_bench
s__897,closets_wardrobes_cabinets
s__898,closets_wardrobes_cabinets
s__899,closets_wardrobes_cabinets
s__900,closets_wardrobes_cabinets
s__901,closets_wardrobes_cabinets
s__902,closets_wardrobes_cabinets
s__903,closets_wardrobes_cabinets
s__904,shelves
s__905,kitchen_cabinet
s__906,kitchen_cabinet
s__907,kitchen_cabinet
s__908,hanging_kitchen_cabinet
s__909,hanging_kitchen_cabinet
s__910,kitchen_cabinet
s__911,kitchen_cabinet
s__912,kitchen_cabinet
s__913,kitchen_cabinet
s__914,kitchen_cabinet
s__915,kitchen_cabinet
s__916,kitchen_cabinet
s__917,stand
s__918,kitchen_cabinet
s__919,kitchen_cabinet
s__920,kitchen_cabinet
s__921,kitchen_cabinet
s__922,kitchen_cabinet
s__923,chair
s__924,coffee_table
s__925,chair
s__926,chair
s__927,chair
s__928,chair
s__929,shelves
s__930,shelves
s__931,shelves
s__932,shelves
s__933,shelves
s__934,closets_wardrobes_cabinets
s__935,closets_wardrobes_cabinets
s__936,closets_wardrobes_cabinets
s__937,closets_wardrobes_cabinets
s__938,closets_wardrobes_cabinets
s__939,closets_wardrobes_cabinets
s__940,closets_wardrobes_cabinets
s__941,closets_wardrobes_cabinets
s__942,closets_wardrobes_cabinets
s__943,closets_wardrobes_cabinets
s__944,shelves
s__945,shelves
s__946,shelves
s__947,shelves
s__948,shelves
s__949,shelves
s__950,hanging_kitchen_cabinet
s__951,hanging_kitchen_cabinet
s__952,hanging_kitchen_cabinet
s__953,hanging_kitchen_cabinet
s__954,hanging_kitchen_cabinet
s__955,hanging_kitchen_cabinet
s__956,hanging_kitchen_cabinet
s__957,hanging_kitchen_cabinet
s__958,kitchen_cabinet
s__959,kitchen_cabinet
s__960,kitchen_cabinet
s__961,kitchen_cabinet
s__962,kitchen_cabinet
s__963,kitchen_cabinet
s__964,kitchen_cabinet
s__965,chair
s__966,chair
s__967,chair
s__968,chair
s__969,chair
s__970,shelves
s__971,kitchen_set
s__972,kitchen_set
s__973,kitchen_set
s__974,kitchen_set
s__975,kitchen_set
s__976,kitchen_set
s__977,kitchen_set
s__978,kitchen_set
s__979,kitchen_set
s__980,kitchen_set
s__981,kitchen_set
s__982,double_bed
s__983,closets_wardrobes_cabinets
s__984,closets_wardrobes_cabinets
s__985,closets_wardrobes_cabinets
s__986,closets_wardrobes_cabinets
s__987,closets_wardrobes_cabinets
s__988,closets_wardrobes_cabinets
s__989,closets_wardrobes_cabinets
s__990,closets_wardrobes_cabinets
s__991,closets_wardrobes_cabinets
s__992,stand
s__993,stand
s__994,stand
s__995,stand
s__996,stand
s__997,stand
s__998,stand
s__999,stand
stores__10__2040,closets_wardrobes_cabinets
stores__10__2041,curtain
stores__10__2042,dresser
stores__10__2043,closets_wardrobes_cabinets
stores__10__2044,closets_wardrobes_cabinets
stores__10__2045,dressing_table
stores__10__2046,dinning_table
stores__10__2047,stand
stores__10__2048,double_bed
stores__10__2049,chair
stores__10__2050,hangers
stores__10__2051,stand
stores__10__2052,closets_wardrobes_cabinets
stores__10__2053,dresser
stores__10__2054,closets_wardrobes_cabinets
stores__10__2055,double_bed
stores__10__2056,closets_wardrobes_cabinets
stores__10__2057,closets_wardrobes_cabinets
stores__10__2058,dresser
stores__10__2060,sofa
stores__1__361,sofa
stores__1__362,sofa
stores__1__363,sofa
stores__1__364,sofa
stores__1__365,sofa
stores__1__366,sofa
stores__1__367,sofa
stores__1__368,sofa
stores__1__370,sofa
stores__1__371,sofa
stores__1__372,sofa
stores__1__373,sofa
stores__1__375,sofa
stores__1__376,sofa
stores__1__377,sofa
stores__1__378,sofa
stores__1__380,sofa
stores__1__382,sofa
stores__1__383,sofa
stores__1__384,sofa
stores__3__1183,bookshelf
stores__3__1184,bookshelf
stores__3__1185,bookshelf
stores__3__1186,bookshelf
stores__3__1187,bookshelf
stores__3__1188,bookshelf
stores__3__1189,bookshelf
stores__3__1190,bookshelf
stores__3__1192,bookshelf
stores__3__1193,bookshelf
stores__3__1195,bookshelf
stores__3__1196,bookshelf
stores__3__1197,bookshelf
stores__3__1198,closets_wardrobes_cabinets
stores__3__1199,bookshelf
stores__3__1200,bookshelf
stores__3__1201,workplace
stores__3__1202,bookshelf
stores__3__1203,bookshelf
stores__3__1204,bookshelf
stores__3__1205,bookshelf
stores__3__1206,closets_wardrobes_cabinets
stores__3__1207,closets_wardrobes_cabinets
stores__3__1208,bookshelf
stores__3__1209,bookshelf
stores__3__1210,bookshelf
stores__3__1211,shelves
stores__3__1212,bookshelf
stores__3__1213,bookshelf
stores__3__1214,bookshelf
stores__3__1215,bookshelf
stores__3__1216,bookshelf
stores__3__1217,closets_wardrobes_cabinets
stores__3__1218,closets_wardrobes_cabinets
stores__3__1219,closets_wardrobes_cabinets
stores__3__1220,closets_wardrobes_cabinets
stores__3__1221,closets_wardrobes_cabinets
stores__3__1222,desk
stores__3__1223,shelves
stores__3__1224,shelves
stores__3__1225,desk
stores__3__1226,shelves
stores__3__1227,bookshelf
stores__3__1228,bookshelf
stores__3__1230,bookshelf
stores__3__1231,bookshelf
stores__3__1232,bookshelf
stores__3__1234,bookshelf
stores__3__1235,bookshelf
stores__3__1237,bookshelf
stores__3__1239,bookshelf
stores__3__1240,bookshelf
stores__3__1241,closets_wardrobes_cabinets
stores__3__1242,stand
stores__3__1243,dressing_table
stores__3__1244,dressing_table
stores__3__1245,closets_wardrobes_cabinets
stores__3__1246,double_bed
stores__3__1247,double_bed
stores__3__1258,workplace
stores__3__1259,workplace
stores__3__1260,workplace
stores__3__1261,workplace
stores__3__1262,workplace
stores__3__1265,workplace
stores__3__2038,double_bed
stores__3__2039,stand
stores__3__2089,double_bed
stores__3__2090,closets_wardrobes_cabinets
stores__3__2091,closets_wardrobes_cabinets
stores__3__2092,closets_wardrobes_cabinets
stores__3__2093,bookshelf
stores__3__2094,bookshelf
stores__3__2095,tv_bench
stores__3__2096,tv_bench
stores__3__2097,stand
stores__3__2098,stand
stores__3__2099,stand
stores__3__2100,stand
stores__3__2101,stand
stores__3__2103,closets_wardrobes_cabinets
stores__3__2104,tv_bench
stores__3__2105,closets_wardrobes_cabinets
stores__3__2106,tv_bench
stores__3__2107,tv_bench
stores__3__2108,shelves
stores__3__2109,shelves
stores__3__2110,tv_bench
stores__3__2111,stand
stores__3__2112,tv_bench
stores__3__2113,desk
stores__3__2114,workplace
stores__3__2115,desk
stores__3__2116,desk
stores__3__2117,desk
stores__3__2118,desk
stores__3__2119,desk
stores__3__2120,coffee_table
stores__3__2121,coffee_table
stores__3__2122,tv_bench
stores__3__2123,workplace
stores__3__2124,tv_bench
stores__3__2125,workplace
stores__3__2126,shelves
stores__3__2127,tv_bench
stores__3__2129,tv_bench
stores__3__2130,shelves
stores__3__2131,shelves
stores__3__2132,double_bed
stores__3__2133,workplace
stores__3__2134,workplace
stores__3__2135,workplace
stores__3__2136,workplace
stores__3__2137,workplace
stores__3__2138,workplace
stores__3__2139,workplace
stores__3__2140,workplace
stores__3__2141,workplace
stores__3__2142,shelves
stores__3__2143,workplace
stores__3__2144,workplace
stores__3__2145,desk
stores__3__2146,shelves
stores__3__2147,workplace
stores__3__2148,workplace
stores__3__2149,workplace
stores__3__2150,workplace
stores__3__2151,workplace
stores__3__2153,desk
stores__3__2154,desk
stores__3__2155,desk
stores__3__2238,desk
stores__3__2240,closets_wardrobes_cabinets
stores__3__2241,closets_wardrobes_cabinets
stores__3__2244,desk
stores__3__2245,desk
stores__3__2351,closets_wardrobes_cabinets
stores__3__2352,closets_wardrobes_cabinets
stores__3__2353,closets_wardrobes_cabinets
stores__3__2354,closets_wardrobes_cabinets
stores__3__2355,bookshelf
stores__3__2356,bookshelf
stores__3__2445,closets_wardrobes_cabinets
stores__3__2446,closets_wardrobes_cabinets
stores__3__2447,closets_wardrobes_cabinets
stores__3__2448,closets_wardrobes_cabinets
stores__3__2449,closets_wardrobes_cabinets
stores__3__2450,stand
stores__3__2451,closets_wardrobes_cabinets
stores__3__2452,closets_wardrobes_cabinets
stores__3__2453,shelves
stores__3__2617,closets_wardrobes_cabinets
stores__3__2619,closets_wardrobes_cabinets
stores__3__2620,closets_wardrobes_cabinets
stores__3__2622,closets_wardrobes_cabinets
stores__3__2623,closets_wardrobes_cabinets
stores__4__1353,desk
stores__4__1354,desk
stores__4__1355,closets_wardrobes_cabinets
stores__4__1356,closets_wardrobes_cabinets
stores__4__1357,closets_wardrobes_cabinets
stores__4__1358,closets_wardrobes_cabinets
stores__4__1359,closets_wardrobes_cabinets
stores__4__1360,closets_wardrobes_cabinets
stores__4__1361,closets_wardrobes_cabinets
stores__4__1362,shelves
stores__4__1363,desk
stores__4__1364,desk
stores__4__1365,desk
stores__4__1366,desk
stores__4__1367,desk
stores__4__1368,tv_bench
stores__4__1369,closets_wardrobes_cabinets
stores__4__1370,stand
stores__4__1371,closets_wardrobes_cabinets
stores__4__1372,desk
stores__4__1374,desk
stores__4__1377,desk
stores__4__1378,closets_wardrobes_cabinets
stores__4__1379,closets_wardrobes_cabinets
stores__4__1382,closets_wardrobes_cabinets
stores__4__1384,stand
stores__4__1392,desk
stores__4__1393,desk
stores__4__1394,desk
stores__4__1396,chair
stores__4__1398,closets_wardrobes_cabinets
stores__4__1399,closets_wardrobes_cabinets
stores__4__1400,bookshelf
stores__4__1401,bookshelf
stores__4__1402,bookshelf
stores__4__1403,bookshelf
stores__4__1404,closets_wardrobes_cabinets
stores__4__1405,closets_wardrobes_cabinets
stores__4__1406,closets_wardrobes_cabinets
stores__4__1407,closets_wardrobes_cabinets
stores__4__1408,closets_wardrobes_cabinets
stores__4__1410,shelves
stores__4__1411,shelves
stores__4__1412,shelves
stores__4__1413,closets_wardrobes_cabinets
stores__4__1414,closets_wardrobes_cabinets
stores__4__1415,stand
stores__4__1416,stand
stores__4__1418,desk
stores__4__1419,desk
stores__4__1422,desk
stores__4__1423,desk
stores__4__1426,desk
stores__4__1427,desk
stores__4__1428,desk
stores__4__1429,desk
stores__4__1431,chair
stores__4__1432,chair
stores__4__1433,chair
stores__4__1434,idk
stores__4__1435,shelves
stores__4__1438,chair
stores__4__1439,chair
stores__4__1443,stand
stores__4__1445,bookshelf
stores__4__1446,closets_wardrobes_cabinets
stores__4__1448,bookshelf
stores__4__1452,desk
stores__4__1461,desk
stores__4__1462,toys
stores__4__1465,closets_wardrobes_cabinets
stores__4__1467,closets_wardrobes_cabinets
stores__4__1473,desk
stores__4__1474,desk
stores__4__1476,desk
stores__4__1486,stand
stores__4__1487,shelves
stores__4__1490,partitions
stores__4__1491,partitions
stores__4__1492,partitions
stores__4__1493,closets_wardrobes_cabinets
stores__4__1494,stand
stores__4__1495,desk
stores__4__1496,desk
stores__4__1497,closets_wardrobes_cabinets
stores__4__1498,closets_wardrobes_cabinets
stores__4__1499,desk
stores__4__1500,idk
stores__4__1501,double_bed
stores__4__1502,double_bed
stores__4__1503,single_bed
stores__4__1504,office_chairs
stores__4__1505,chair
stores__4__1506,chair
stores__4__1507,office_chairs
stores__4__1508,office_chairs
stores__4__1509,closets_wardrobes_cabinets
stores__4__1510,desk
stores__4__1511,closets_wardrobes_cabinets
stores__4__1512,closets_wardrobes_cabinets
stores__4__1513,closets_wardrobes_cabinets
stores__4__1514,bookshelf
stores__4__1515,stand
stores__4__1516,desk
stores__4__1517,tv_bench
stores__4__1518,shelves
stores__4__1519,office_chairs
stores__4__1520,office_chairs
stores__4__1521,office_chairs
stores__4__1522,office_chairs
stores__4__1523,office_chairs
stores__4__1524,office_chairs
stores__4__1525,office_chairs
stores__4__1526,office_chairs
stores__4__1527,office_chairs
stores__4__1528,office_chairs
stores__4__1529,office_chairs
stores__4__1531,office_chairs
stores__4__1532,office_chairs
stores__4__1533,office_chairs
stores__4__1534,office_chairs
stores__4__1535,office_chairs
stores__4__1536,office_chairs
stores__4__1537,office_chairs
stores__4__1539,office_chairs
stores__5__1774,double_bed
stores__5__1775,double_bed
stores__5__1776,double_bed
stores__6__1680,toilet
stores__6__1681,toilet
stores__6__1682,idk
stores__6__1683,stand
stores__6__1684,toilet
stores__6__1685,wash_basins
stores__6__1686,wash_basins
stores__6__1687,mirror
stores__6__1688,idk
stores__6__1689,wash_basins
stores__6__1691,wash_basins
stores__6__1692,wash_basins
stores__6__1698,table_lamp
stores__7__1699,chandelier
stores__7__1702,dinning_table
stores__7__1703,chandelier
stores__7__1705,chair
stores__7__1706,closets_wardrobes_cabinets
stores__7__1707,chandelier
stores__7__1708,chandelier
stores__7__1709,floor_lamps
stores__7__1711,chair
stores__7__1712,chair
stores__7__1715,chair
stores__7__1716,dinning_table
stores__7__1717,chair
stores__7__1718,dinning_table
stores__7__1719,floor_lamps
stores__7__1720,coffee_table
stores__7__1721,table_lamp
stores__8__1726,closets_wardrobes_cabinets
stores__8__1727,closets_wardrobes_cabinets
stores__8__1728,stand
stores__8__1730,closets_wardrobes_cabinets
stores__8__1732,closets_wardrobes_cabinets
stores__8__1735,kitchen_cabinet
stores__8__1736,stand
stores__8__1737,kitchen_cabinet
stores__8__1738,kitchen_cabinet
stores__8__1739,kitchen_cabinet
stores__8__1741,dinning_table
stores__8__1742,dinning_table
stores__8__1743,closets_wardrobes_cabinets
stores__8__1744,closets_wardrobes_cabinets
stores__8__1745,closets_wardrobes_cabinets
stores__8__1747,office_chairs
stores__8__1748,chair
stores__8__1749,sofa
stores__8__1750,sofa
stores__8__1751,sofa
stores_____1682,toilet
stores_____1687,mirror
stores_____1688,mirror
stores_____2040,kitchen_cabinet
stores_____2042,dresser
stores_____2053,dresser
stores_____2058,dresser
